"Country Name","Country Code","Indicator Name","Indicator Code","1960","1961","1962","1963","1964","1965","1966","1967","1968","1969","1970","1971","1972","1973","1974","1975","1976","1977","1978","1979","1980","1981","1982","1983","1984","1985","1986","1987","1988","1989","1990","1991","1992","1993","1994","1995","1996","1997","1998","1999","2000","2001","2002","2003","2004","2005","2006","2007","2008","2009","2010","2011","2012","2013","2014","2015","2016","2017","2018","2019","2020","2021","2022",
"Aruba","ABW","Educational attainment, Doctoral or equivalent, population 25+, total (%) (cumulative)","SE.TER.CUAT.DO.ZS","","","","","","","","","","","","","","","","","","","","","","","","","","","","","","","","","","","","","","","","","","","","","","","","","","","","","","","","","","","","","","","",
"Africa Eastern and Southern","AFE","Educational attainment, Doctoral or equivalent, population 25+, total (%) (cumulative)","SE.TER.CUAT.DO.ZS","","","","","","","","","","","","","","","","","","","","","","","","","","","","","","","","","","","","","","","","","","","","","","","","","","","","","","","","","","","","","","","",
"Afghanistan","AFG","Educational attainment, Doctoral or equivalent, population 25+, total (%) (cumulative)","SE.TER.CUAT.DO.ZS","","","","","","","","","","","","","","","","","","","","","","","","","","","","","","","","","","","","","","","","","","","","","","","","","","","","","","","","","","","","","","","",
"Africa Western and Central","AFW","Educational attainment, Doctoral or equivalent, population 25+, total (%) (cumulative)","SE.TER.CUAT.DO.ZS","","","","","","","","","","","","","","","","","","","","","","","","","","","","","","","","","","","","","","","","","","","","","","","","","","","","","","","","","","","","","","","",
"Angola","AGO","Educational attainment, Doctoral or equivalent, population 25+, total (%) (cumulative)","SE.TER.CUAT.DO.ZS","","","","","","","","","","","","","","","","","","","","","","","","","","","","","","","","","","","","","","","","","","","","","","","","","","","","","","","","","","","","","","","",
"Albania","ALB","Educational attainment, Doctoral or equivalent, population 25+, total (%) (cumulative)","SE.TER.CUAT.DO.ZS","","","","","","","","","","","","","","","","","","","","","","","","","","","","","","","","","","","","","","","","","","","","","","","","","","","","","0.0896200016140938","","","","","","","","","","",
"Andorra","AND","Educational attainment, Doctoral or equivalent, population 25+, total (%) (cumulative)","SE.TER.CUAT.DO.ZS","","","","","","","","","","","","","","","","","","","","","","","","","","","","","","","","","","","","","","","","","","","","","","","","","","","","","","","","","","","","","","","0.449779987335205",
"Arab World","ARB","Educational attainment, Doctoral or equivalent, population 25+, total (%) (cumulative)","SE.TER.CUAT.DO.ZS","","","","","","","","","","","","","","","","","","","","","","","","","","","","","","","","","","","","","","","","","","","","","","","","","","","","","","","","","","","","","","","",
"United Arab Emirates","ARE","Educational attainment, Doctoral or equivalent, population 25+, total (%) (cumulative)","SE.TER.CUAT.DO.ZS","","","","","","","","","","","","","","","","","","","","","","","","","","","","","","","","","","","","","","","","","","","","","","","","","","","","","","","","","2.53628993034363","0.681580007076263","0.905449986457825","0.786239981651306","","0.884609997272491","",
"Argentina","ARG","Educational attainment, Doctoral or equivalent, population 25+, total (%) (cumulative)","SE.TER.CUAT.DO.ZS","","","","","","","","","","","","","","","","","","","","","","","","","","","","","","","","","","","","","","","","","","","","","","","","","","","","","","","","","","","","","","","",
"Armenia","ARM","Educational attainment, Doctoral or equivalent, population 25+, total (%) (cumulative)","SE.TER.CUAT.DO.ZS","","","","","","","","","","","","","","","","","","","","","","","","","","","","","","","","","","","","","","","","","","","","","","","","","","","","","","","","","","","","","","","",
"American Samoa","ASM","Educational attainment, Doctoral or equivalent, population 25+, total (%) (cumulative)","SE.TER.CUAT.DO.ZS","","","","","","","","","","","","","","","","","","","","","","","","","","","","","","","","","","","","","","","","","","","","","","","","","","","","","","","","","","","","","","","",
"Antigua and Barbuda","ATG","Educational attainment, Doctoral or equivalent, population 25+, total (%) (cumulative)","SE.TER.CUAT.DO.ZS","","","","","","","","","","","","","","","","","","","","","","","","","","","","","","","","","","","","","","","","","","","","","","","","","","","","","","","","","","","","","","","",
"Australia","AUS","Educational attainment, Doctoral or equivalent, population 25+, total (%) (cumulative)","SE.TER.CUAT.DO.ZS","","","","","","","","","","","","","","","","","","","","","","","","","","","","","","","","","","","","","","","","","","","","","","","","","","","","","","","1.13743996620178","1.31755995750427","1.08241999149323","1.20350003242493","1.13663005828857","1.33219003677368","1.57927000522614","","",
"Austria","AUT","Educational attainment, Doctoral or equivalent, population 25+, total (%) (cumulative)","SE.TER.CUAT.DO.ZS","","","","","","","","","","","","","","","","","","","","","","","","","","","","","","","","","","","","","","","","","","","","","","","","","","","","","","","0.839569985866547","0.830560028553009","0.816139996051788","0.942659974098206","","1.02383005619049","","","",
"Azerbaijan","AZE","Educational attainment, Doctoral or equivalent, population 25+, total (%) (cumulative)","SE.TER.CUAT.DO.ZS","","","","","","","","","","","","","","","","","","","","","","","","","","","","","","","","","","","","","","","","","","","","","","","","","","","","","","","","","","","","","","","",
"Burundi","BDI","Educational attainment, Doctoral or equivalent, population 25+, total (%) (cumulative)","SE.TER.CUAT.DO.ZS","","","","","","","","","","","","","","","","","","","","","","","","","","","","","","","","","","","","","","","","","","","","","","","","","","","","","","","","","","","","","","","",
"Belgium","BEL","Educational attainment, Doctoral or equivalent, population 25+, total (%) (cumulative)","SE.TER.CUAT.DO.ZS","","","","","","","","","","","","","","","","","","","","","","","","","","","","","","","","","","","","","","","","","","","","","","","","","","","","","","0.53439998626709","0.49465999007225","0.586290001869202","0.623889982700348","0.648150026798248","","0.603200018405914","","","",
"Benin","BEN","Educational attainment, Doctoral or equivalent, population 25+, total (%) (cumulative)","SE.TER.CUAT.DO.ZS","","","","","","","","","","","","","","","","","","","","","","","","","","","","","","","","","","","","","","","","","","","","","","","","","","","","","","","","","","","","","","","",
"Burkina Faso","BFA","Educational attainment, Doctoral or equivalent, population 25+, total (%) (cumulative)","SE.TER.CUAT.DO.ZS","","","","","","","","","","","","","","","","","","","","","","","","","","","","","","","","","","","","","","","","","","","","","","","","","","","","","","","0","","","","0.0598200000822544","0.283410012722015","","","",
"Bangladesh","BGD","Educational attainment, Doctoral or equivalent, population 25+, total (%) (cumulative)","SE.TER.CUAT.DO.ZS","","","","","","","","","","","","","","","","","","","","","","","","","","","","","","","","","","","","","","","","","","","","","","","","","","","","0.0795499980449677","0.0814500004053116","0.0916299968957901","0.0967900007963181","0.15837000310421","0.165959998965263","0.179409995675087","0.193049997091293","0.20524999499321","0.245279997587204","","",
"Bulgaria","BGR","Educational attainment, Doctoral or equivalent, population 25+, total (%) (cumulative)","SE.TER.CUAT.DO.ZS","","","","","","","","","","","","","","","","","","","","","","","","","","","","","","","","","","","","","","","","","","","","","","","","","","","","","","","","","","","","","","","",
"Bahrain","BHR","Educational attainment, Doctoral or equivalent, population 25+, total (%) (cumulative)","SE.TER.CUAT.DO.ZS","","","","","","","","","","","","","","","","","","","","","","","","","","","","","","","","","","","","","","","","","","","","","","","","","","","0.214629992842674","","","","","","0.233390003442764","0.232549995183945","0.244470000267029","","0.264780014753342","","",
"Bahamas, The","BHS","Educational attainment, Doctoral or equivalent, population 25+, total (%) (cumulative)","SE.TER.CUAT.DO.ZS","","","","","","","","","","","","","","","","","","","","","","","","","","","","","","","","","","","","","","","","","","","","","","","","","","","0.46000999212265","","","","","","","","","","","","",
"Bosnia and Herzegovina","BIH","Educational attainment, Doctoral or equivalent, population 25+, total (%) (cumulative)","SE.TER.CUAT.DO.ZS","","","","","","","","","","","","","","","","","","","","","","","","","","","","","","","","","","","","","","","","","","","","","","","","","","","","","","","","0.098360002040863","0.165810003876686","","0.190500006079674","","0.181789994239807","","",
"Belarus","BLR","Educational attainment, Doctoral or equivalent, population 25+, total (%) (cumulative)","SE.TER.CUAT.DO.ZS","","","","","","","","","","","","","","","","","","","","","","","","","","","","","","","","","","","","","","","","","","","","","","","","","","","","","","","","","","","","0.302630007266998","","","",
"Belize","BLZ","Educational attainment, Doctoral or equivalent, population 25+, total (%) (cumulative)","SE.TER.CUAT.DO.ZS","","","","","","","","","","","","","","","","","","","","","","","","","","","","","","","","","","","","","","","","","","","","","","","","","","","","","","","","","","","","","","","",
"Bermuda","BMU","Educational attainment, Doctoral or equivalent, population 25+, total (%) (cumulative)","SE.TER.CUAT.DO.ZS","","","","","","","","","","","","","","","","","","","","","","","","","","","","","","","","","","","","","","","","","","","","","","","","","","","0.761659979820251","","","","","","1.27531003952026","","","","","","",
"Bolivia","BOL","Educational attainment, Doctoral or equivalent, population 25+, total (%) (cumulative)","SE.TER.CUAT.DO.ZS","","","","","","","","","","","","","","","","","","","","","","","","","","","","","","","","","","","","","","","","","","","","","","","","","","","","","0.286500006914139","","","0.216639995574951","","","","0.18690000474453","0.117499999701977","","",
"Brazil","BRA","Educational attainment, Doctoral or equivalent, population 25+, total (%) (cumulative)","SE.TER.CUAT.DO.ZS","","","","","","","","","","","","","","","","","","","","","","","","","","","","","","","","","","","","","","","","","","","","","","","","","","","","","","","","","0.204339995980263","0.217360004782677","0.257620006799698","","","","",
"Barbados","BRB","Educational attainment, Doctoral or equivalent, population 25+, total (%) (cumulative)","SE.TER.CUAT.DO.ZS","","","","","","","","","","","","","","","","","","","","","","","","","","","","","","","","","","","","","","","","","","","","","","","","","","","","","","","","","","","","","","","",
"Brunei Darussalam","BRN","Educational attainment, Doctoral or equivalent, population 25+, total (%) (cumulative)","SE.TER.CUAT.DO.ZS","","","","","","","","","","","","","","","","","","","","","","","","","","","","","","","","","","","","","","","","","","","","","","","","","","","","0.20830999314785","","","","","","","","","","","",
"Bhutan","BTN","Educational attainment, Doctoral or equivalent, population 25+, total (%) (cumulative)","SE.TER.CUAT.DO.ZS","","","","","","","","","","","","","","","","","","","","","","","","","","","","","","","","","","","","","","","","","","","","","","","","","","","","","0.0838999971747398","","","","","0.195490002632141","","","","","",
"Botswana","BWA","Educational attainment, Doctoral or equivalent, population 25+, total (%) (cumulative)","SE.TER.CUAT.DO.ZS","","","","","","","","","","","","","","","","","","","","","","","","","","","","","","","","","","","","","","","","","","","","","","","","","","","","","","","","","","","","","","","",
"Central African Republic","CAF","Educational attainment, Doctoral or equivalent, population 25+, total (%) (cumulative)","SE.TER.CUAT.DO.ZS","","","","","","","","","","","","","","","","","","","","","","","","","","","","","","","","","","","","","","","","","","","","","","","","","","","","","","","","","","","","","","","",
"Canada","CAN","Educational attainment, Doctoral or equivalent, population 25+, total (%) (cumulative)","SE.TER.CUAT.DO.ZS","","","","","","","","","","","","","","","","","","","","","","","","","","","","","","","","","","","","","","","","","","","","","","","","","","","","","","","","","0.946200013160706","","","","","","",
"Central Europe and the Baltics","CEB","Educational attainment, Doctoral or equivalent, population 25+, total (%) (cumulative)","SE.TER.CUAT.DO.ZS","","","","","","","","","","","","","","","","","","","","","","","","","","","","","","","","","","","","","","","","","","","","","","","","","","","","","","","","","","","","","","","",
"Switzerland","CHE","Educational attainment, Doctoral or equivalent, population 25+, total (%) (cumulative)","SE.TER.CUAT.DO.ZS","","","","","","","","","","","","","","","","","","","","","","","","","","","","","","","","","","","","","","","","","","","","","","","","","","","","","","","2.97441005706787","2.90017008781433","2.90631008148193","","2.93415999412537","2.96341991424561","","","",
"Channel Islands","CHI","Educational attainment, Doctoral or equivalent, population 25+, total (%) (cumulative)","SE.TER.CUAT.DO.ZS","","","","","","","","","","","","","","","","","","","","","","","","","","","","","","","","","","","","","","","","","","","","","","","","","","","","","","","","","","","","","","","",
"Chile","CHL","Educational attainment, Doctoral or equivalent, population 25+, total (%) (cumulative)","SE.TER.CUAT.DO.ZS","","","","","","","","","","","","","","","","","","","","","","","","","","","","","","","","","","","","","","","","","","","","","","","","","","","","","","","","","","","","","","","",
"China","CHN","Educational attainment, Doctoral or equivalent, population 25+, total (%) (cumulative)","SE.TER.CUAT.DO.ZS","","","","","","","","","","","","","","","","","","","","","","","","","","","","","","","","","","","","","","","","","","","","","","","","","","","","","","","","","","","","","","","",
"Cote d'Ivoire","CIV","Educational attainment, Doctoral or equivalent, population 25+, total (%) (cumulative)","SE.TER.CUAT.DO.ZS","","","","","","","","","","","","","","","","","","","","","","","","","","","","","","","","","","","","","","","","","","","","","","","","","","","","","","","","","","","","","","","",
"Cameroon","CMR","Educational attainment, Doctoral or equivalent, population 25+, total (%) (cumulative)","SE.TER.CUAT.DO.ZS","","","","","","","","","","","","","","","","","","","","","","","","","","","","","","","","","","","","","","","","","","","","","","","","","","","","","","","","","","","","","","","",
"Congo, Dem. Rep.","COD","Educational attainment, Doctoral or equivalent, population 25+, total (%) (cumulative)","SE.TER.CUAT.DO.ZS","","","","","","","","","","","","","","","","","","","","","","","","","","","","","","","","","","","","","","","","","","","","","","","","","","","","","","","","","0.0241700001060963","","","","","","",
"Congo, Rep.","COG","Educational attainment, Doctoral or equivalent, population 25+, total (%) (cumulative)","SE.TER.CUAT.DO.ZS","","","","","","","","","","","","","","","","","","","","","","","","","","","","","","","","","","","","","","","","","","","","","","","","","","","","","","","","","","","","","","","",
"Colombia","COL","Educational attainment, Doctoral or equivalent, population 25+, total (%) (cumulative)","SE.TER.CUAT.DO.ZS","","","","","","","","","","","","","","","","","","","","","","","","","","","","","","","","","","","","","","","","","","","","","","","","","","","","","","","","","","","","","","","",
"Comoros","COM","Educational attainment, Doctoral or equivalent, population 25+, total (%) (cumulative)","SE.TER.CUAT.DO.ZS","","","","","","","","","","","","","","","","","","","","","","","","","","","","","","","","","","","","","","","","","","","","","","","","","","","","","","","","","","","","","","","",
"Cabo Verde","CPV","Educational attainment, Doctoral or equivalent, population 25+, total (%) (cumulative)","SE.TER.CUAT.DO.ZS","","","","","","","","","","","","","","","","","","","","","","","","","","","","","","","","","","","","","","","","","","","","","","","","","","","","","","","","0.0426100008189678","","","","","","","",
"Costa Rica","CRI","Educational attainment, Doctoral or equivalent, population 25+, total (%) (cumulative)","SE.TER.CUAT.DO.ZS","","","","","","","","","","","","","","","","","","","","","","","","","","","","","","","","","","","","","","","","","","","","","","","","","","","","","","","","","","","0.314749985933304","","0.221780002117157","","",
"Caribbean small states","CSS","Educational attainment, Doctoral or equivalent, population 25+, total (%) (cumulative)","SE.TER.CUAT.DO.ZS","","","","","","","","","","","","","","","","","","","","","","","","","","","","","","","","","","","","","","","","","","","","","","","","","","","","","","","","","","","","","","","",
"Cuba","CUB","Educational attainment, Doctoral or equivalent, population 25+, total (%) (cumulative)","SE.TER.CUAT.DO.ZS","","","","","","","","","","","","","","","","","","","","","","","","","","","","","","","","","","","","","","","","","","","","","","","","","","","","","0.35453999042511","","","","","","","","","","",
"Curacao","CUW","Educational attainment, Doctoral or equivalent, population 25+, total (%) (cumulative)","SE.TER.CUAT.DO.ZS","","","","","","","","","","","","","","","","","","","","","","","","","","","","","","","","","","","","","","","","","","","","","","","","","","","","","","","","","","","","","","","",
"Cayman Islands","CYM","Educational attainment, Doctoral or equivalent, population 25+, total (%) (cumulative)","SE.TER.CUAT.DO.ZS","","","","","","","","","","","","","","","","","","","","","","","","","","","","","","","","","","","","","","","","","","","","","","","","","","","","","","","","0.814180016517639","","","","","","","",
"Cyprus","CYP","Educational attainment, Doctoral or equivalent, population 25+, total (%) (cumulative)","SE.TER.CUAT.DO.ZS","","","","","","","","","","","","","","","","","","","","","","","","","","","","","","","","","","","","","","","","","","","","","","","","","","","","","","0.535179972648621","0.616890013217926","0.725149989128113","0.718360006809235","","0.754980027675629","","1.05020999908447","","",
"Czechia","CZE","Educational attainment, Doctoral or equivalent, population 25+, total (%) (cumulative)","SE.TER.CUAT.DO.ZS","","","","","","","","","","","","","","","","","","","","","","","","","","","","","","","","","","","","","","","","","","","","","","","","","","","","","","","0.504239976406097","0.600679993629456","0.652740001678467","0.675140023231506","","0.681429982185364","","","",
"Germany","DEU","Educational attainment, Doctoral or equivalent, population 25+, total (%) (cumulative)","SE.TER.CUAT.DO.ZS","","","","","","","","","","","","","","","","","","","","","","","","","","","","","","","","","","","","","","","","","","","","","","","","","","","","","","","1.26112997531891","1.28924000263214","1.32317996025085","","1.25295996665955","","1.50710999965668","","",
"Djibouti","DJI","Educational attainment, Doctoral or equivalent, population 25+, total (%) (cumulative)","SE.TER.CUAT.DO.ZS","","","","","","","","","","","","","","","","","","","","","","","","","","","","","","","","","","","","","","","","","","","","","","","","","","","","","","","","","","","","","","","",
"Dominica","DMA","Educational attainment, Doctoral or equivalent, population 25+, total (%) (cumulative)","SE.TER.CUAT.DO.ZS","","","","","","","","","","","","","","","","","","","","","","","","","","","","","","","","","","","","","","","","","","","","","","","","","","","","","","","","","","","","","","","",
"Denmark","DNK","Educational attainment, Doctoral or equivalent, population 25+, total (%) (cumulative)","SE.TER.CUAT.DO.ZS","","","","","","","","","","","","","","","","","","","","","","","","","","","","","","","","","","","","","","","","","","","","","","","","","","","","","","","","0.648800015449524","0.835189998149872","","0.77863997220993","","1.12636995315552","","",
"Dominican Republic","DOM","Educational attainment, Doctoral or equivalent, population 25+, total (%) (cumulative)","SE.TER.CUAT.DO.ZS","","","","","","","","","","","","","","","","","","","","","","","","","","","","","","","","","","","","","","","","","","","","","","","","","","","","","","","","","0","","","","","","",
"Algeria","DZA","Educational attainment, Doctoral or equivalent, population 25+, total (%) (cumulative)","SE.TER.CUAT.DO.ZS","","","","","","","","","","","","","","","","","","","","","","","","","","","","","","","","","","","","","","","","","","","","","","","","","","","","","","","","","","","","","","","",
"East Asia & Pacific (excluding high income)","EAP","Educational attainment, Doctoral or equivalent, population 25+, total (%) (cumulative)","SE.TER.CUAT.DO.ZS","","","","","","","","","","","","","","","","","","","","","","","","","","","","","","","","","","","","","","","","","","","","","","","","","","","","","","","","","","","","","","","",
"Early-demographic dividend","EAR","Educational attainment, Doctoral or equivalent, population 25+, total (%) (cumulative)","SE.TER.CUAT.DO.ZS","","","","","","","","","","","","","","","","","","","","","","","","","","","","","","","","","","","","","","","","","","","","","","","","","","","","","","","","","","","","","","","",
"East Asia & Pacific","EAS","Educational attainment, Doctoral or equivalent, population 25+, total (%) (cumulative)","SE.TER.CUAT.DO.ZS","","","","","","","","","","","","","","","","","","","","","","","","","","","","","","","","","","","","","","","","","","","","","","","","","","","","","","","","","","","","","","","",
"Europe & Central Asia (excluding high income)","ECA","Educational attainment, Doctoral or equivalent, population 25+, total (%) (cumulative)","SE.TER.CUAT.DO.ZS","","","","","","","","","","","","","","","","","","","","","","","","","","","","","","","","","","","","","","","","","","","","","","","","","","","","","","","","","","","","","","","",
"Europe & Central Asia","ECS","Educational attainment, Doctoral or equivalent, population 25+, total (%) (cumulative)","SE.TER.CUAT.DO.ZS","","","","","","","","","","","","","","","","","","","","","","","","","","","","","","","","","","","","","","","","","","","","","","","","","","","","","","","","","","","","","","","",
"Ecuador","ECU","Educational attainment, Doctoral or equivalent, population 25+, total (%) (cumulative)","SE.TER.CUAT.DO.ZS","","","","","","","","","","","","","","","","","","","","","","","","","","","","","","","","","","","","","","","","","","","","","","","","","","","","","","","","","","","","","","","",
"Egypt, Arab Rep.","EGY","Educational attainment, Doctoral or equivalent, population 25+, total (%) (cumulative)","SE.TER.CUAT.DO.ZS","","","","","","","","","","","","","","","","","","","","","","","","","","","","","","","","","","","","","","","","","","","","","","","","","","","","","","","","","","0.306490004062653","","","","","",
"Euro area","EMU","Educational attainment, Doctoral or equivalent, population 25+, total (%) (cumulative)","SE.TER.CUAT.DO.ZS","","","","","","","","","","","","","","","","","","","","","","","","","","","","","","","","","","","","","","","","","","","","","","","","","","","","","","","","","","","","","","","",
"Eritrea","ERI","Educational attainment, Doctoral or equivalent, population 25+, total (%) (cumulative)","SE.TER.CUAT.DO.ZS","","","","","","","","","","","","","","","","","","","","","","","","","","","","","","","","","","","","","","","","","","","","","","","","","","","","","","","","","","","","","","","",
"Spain","ESP","Educational attainment, Doctoral or equivalent, population 25+, total (%) (cumulative)","SE.TER.CUAT.DO.ZS","","","","","","","","","","","","","","","","","","","","","","","","","","","","","","","","","","","","","","","","","","","","","","","","","","","","","","","","","0.687120020389557","","0.660179972648621","","0.881889998912811","","",
"Estonia","EST","Educational attainment, Doctoral or equivalent, population 25+, total (%) (cumulative)","SE.TER.CUAT.DO.ZS","","","","","","","","","","","","","","","","","","","","","","","","","","","","","","","","","","","","","","","","","","","","","","","","","","","","","","","","","","","","","0.931609988212585","","",
"Ethiopia","ETH","Educational attainment, Doctoral or equivalent, population 25+, total (%) (cumulative)","SE.TER.CUAT.DO.ZS","","","","","","","","","","","","","","","","","","","","","","","","","","","","","","","","","","","","","","","","","","","","","","","","","","","","","","","","","","","","","","","",
"European Union","EUU","Educational attainment, Doctoral or equivalent, population 25+, total (%) (cumulative)","SE.TER.CUAT.DO.ZS","","","","","","","","","","","","","","","","","","","","","","","","","","","","","","","","","","","","","","","","","","","","","","","","","","","","","","","","","","","","","","","",
"Fragile and conflict affected situations","FCS","Educational attainment, Doctoral or equivalent, population 25+, total (%) (cumulative)","SE.TER.CUAT.DO.ZS","","","","","","","","","","","","","","","","","","","","","","","","","","","","","","","","","","","","","","","","","","","","","","","","","","","","","","","","","","","","","","","",
"Finland","FIN","Educational attainment, Doctoral or equivalent, population 25+, total (%) (cumulative)","SE.TER.CUAT.DO.ZS","","","","","","","","","","","","","","","","","","","","","","","","","","","","","","","","","","","","","","","","","","","","","","","","","","","","","0.998730003833771","1.03154003620148","1.05985999107361","1.08273994922638","","1.14365994930267","","1.22740995883942","","","",
"Fiji","FJI","Educational attainment, Doctoral or equivalent, population 25+, total (%) (cumulative)","SE.TER.CUAT.DO.ZS","","","","","","","","","","","","","","","","","","","","","","","","","","","","","","","","","","","","","","","","","","","","","","","","","","","","","","","","","","0.0746200010180473","","","","","",
"France","FRA","Educational attainment, Doctoral or equivalent, population 25+, total (%) (cumulative)","SE.TER.CUAT.DO.ZS","","","","","","","","","","","","","","","","","","","","","","","","","","","","","","","","","","","","","","","","","","","","","","","","","","","","","","","0.712890028953552","0.764140009880066","0.804830014705658","0.836380004882812","","0.846279978752136","","","",
"Faroe Islands","FRO","Educational attainment, Doctoral or equivalent, population 25+, total (%) (cumulative)","SE.TER.CUAT.DO.ZS","","","","","","","","","","","","","","","","","","","","","","","","","","","","","","","","","","","","","","","","","","","","","","","","","","","","","","","","","","","","","","","",
"Micronesia, Fed. Sts.","FSM","Educational attainment, Doctoral or equivalent, population 25+, total (%) (cumulative)","SE.TER.CUAT.DO.ZS","","","","","","","","","","","","","","","","","","","","","","","","","","","","","","","","","","","","","","","","","","","","","","","","","","","","","","","","","","","","","","","",
"Gabon","GAB","Educational attainment, Doctoral or equivalent, population 25+, total (%) (cumulative)","SE.TER.CUAT.DO.ZS","","","","","","","","","","","","","","","","","","","","","","","","","","","","","","","","","","","","","","","","","","","","","","","","","","","","","","","","","","","","","","","",
"United Kingdom","GBR","Educational attainment, Doctoral or equivalent, population 25+, total (%) (cumulative)","SE.TER.CUAT.DO.ZS","","","","","","","","","","","","","","","","","","","","","","","","","","","","","","","","","","","","","","","","","","","","","","","","","","","","","","0.916410028934479","0.88425999879837","","","1.0010199546814","","","1.07942998409271","","",
"Georgia","GEO","Educational attainment, Doctoral or equivalent, population 25+, total (%) (cumulative)","SE.TER.CUAT.DO.ZS","","","","","","","","","","","","","","","","","","","","","","","","","","","","","","","","","","","","","","","","","","","","","","","","","","","","","0.234569996595383","","0.301580011844635","","0.413060009479523","0.512000024318695","","0.512939989566803","","","0.404359996318817",
"Ghana","GHA","Educational attainment, Doctoral or equivalent, population 25+, total (%) (cumulative)","SE.TER.CUAT.DO.ZS","","","","","","","","","","","","","","","","","","","","","","","","","","","","","","","","","","","","","","","","","","","","","","","","","","","","","","","","","","","","","","","",
"Gibraltar","GIB","Educational attainment, Doctoral or equivalent, population 25+, total (%) (cumulative)","SE.TER.CUAT.DO.ZS","","","","","","","","","","","","","","","","","","","","","","","","","","","","","","","","","","","","","","","","","","","","","","","","","","","","","","","","","","","","","","","",
"Guinea","GIN","Educational attainment, Doctoral or equivalent, population 25+, total (%) (cumulative)","SE.TER.CUAT.DO.ZS","","","","","","","","","","","","","","","","","","","","","","","","","","","","","","","","","","","","","","","","","","","","","","","","","","","","","","","","","","","0.0868699997663498","","","","",
"Gambia, The","GMB","Educational attainment, Doctoral or equivalent, population 25+, total (%) (cumulative)","SE.TER.CUAT.DO.ZS","","","","","","","","","","","","","","","","","","","","","","","","","","","","","","","","","","","","","","","","","","","","","","","","","","","","","","","","","","","","","","","",
"Guinea-Bissau","GNB","Educational attainment, Doctoral or equivalent, population 25+, total (%) (cumulative)","SE.TER.CUAT.DO.ZS","","","","","","","","","","","","","","","","","","","","","","","","","","","","","","","","","","","","","","","","","","","","","","","","","","","","","","","","","","","","","","","",
"Equatorial Guinea","GNQ","Educational attainment, Doctoral or equivalent, population 25+, total (%) (cumulative)","SE.TER.CUAT.DO.ZS","","","","","","","","","","","","","","","","","","","","","","","","","","","","","","","","","","","","","","","","","","","","","","","","","","","","","","","","","","","","","","","",
"Greece","GRC","Educational attainment, Doctoral or equivalent, population 25+, total (%) (cumulative)","SE.TER.CUAT.DO.ZS","","","","","","","","","","","","","","","","","","","","","","","","","","","","","","","","","","","","","","","","","","","","","","","","","","","","","","","0.540329992771149","0.486739993095398","0.51147997379303","","","","0.716400027275085","","",
"Grenada","GRD","Educational attainment, Doctoral or equivalent, population 25+, total (%) (cumulative)","SE.TER.CUAT.DO.ZS","","","","","","","","","","","","","","","","","","","","","","","","","","","","","","","","","","","","","","","","","","","","","","","","","","","","","","","","","","","","","","","",
"Greenland","GRL","Educational attainment, Doctoral or equivalent, population 25+, total (%) (cumulative)","SE.TER.CUAT.DO.ZS","","","","","","","","","","","","","","","","","","","","","","","","","","","","","","","","","","","","","","","","","","","","","","","","","","","","","0.104869998991489","","0.0844400003552437","0.101010002195835","","","0.128710001707077","0.103370003402233","","","",
"Guatemala","GTM","Educational attainment, Doctoral or equivalent, population 25+, total (%) (cumulative)","SE.TER.CUAT.DO.ZS","","","","","","","","","","","","","","","","","","","","","","","","","","","","","","","","","","","","","","","","","","","","","","","","","","","","","0","0.0113700004294515","0.0415299981832504","","","","","0.0080199996009469","","","",
"Guam","GUM","Educational attainment, Doctoral or equivalent, population 25+, total (%) (cumulative)","SE.TER.CUAT.DO.ZS","","","","","","","","","","","","","","","","","","","","","","","","","","","","","","","","","","","","","","","","","","","","","","","","","","","","","","","","","","","","","","","",
"Guyana","GUY","Educational attainment, Doctoral or equivalent, population 25+, total (%) (cumulative)","SE.TER.CUAT.DO.ZS","","","","","","","","","","","","","","","","","","","","","","","","","","","","","","","","","","","","","","","","","","","","","","","","","","","","","","","","","","","","","","","",
"High income","HIC","Educational attainment, Doctoral or equivalent, population 25+, total (%) (cumulative)","SE.TER.CUAT.DO.ZS","","","","","","","","","","","","","","","","","","","","","","","","","","","","","","","","","","","","","","","","","","","","","","","","","","","","","","","","","","","","","","","",
"Hong Kong SAR, China","HKG","Educational attainment, Doctoral or equivalent, population 25+, total (%) (cumulative)","SE.TER.CUAT.DO.ZS","","","","","","","","","","","","","","","","","","","","","","","","","","","","","","","","","","","","","","","","","","","","","","","","","","","","","","","","","","","","","","","",
"Honduras","HND","Educational attainment, Doctoral or equivalent, population 25+, total (%) (cumulative)","SE.TER.CUAT.DO.ZS","","","","","","","","","","","","","","","","","","","","","","","","","","","","","","","","","","","","","","","","","","","","","","","","","","","","","","","","","","","","","","","",
"Heavily indebted poor countries (HIPC)","HPC","Educational attainment, Doctoral or equivalent, population 25+, total (%) (cumulative)","SE.TER.CUAT.DO.ZS","","","","","","","","","","","","","","","","","","","","","","","","","","","","","","","","","","","","","","","","","","","","","","","","","","","","","","","","","","","","","","","",
"Croatia","HRV","Educational attainment, Doctoral or equivalent, population 25+, total (%) (cumulative)","SE.TER.CUAT.DO.ZS","","","","","","","","","","","","","","","","","","","","","","","","","","","","","","","","","","","","","","","","","","","","","","","","","","","","","","","","","","","","","","","",
"Haiti","HTI","Educational attainment, Doctoral or equivalent, population 25+, total (%) (cumulative)","SE.TER.CUAT.DO.ZS","","","","","","","","","","","","","","","","","","","","","","","","","","","","","","","","","","","","","","","","","","","","","","","","","","","","","","","","","","","","","","","",
"Hungary","HUN","Educational attainment, Doctoral or equivalent, population 25+, total (%) (cumulative)","SE.TER.CUAT.DO.ZS","","","","","","","","","","","","","","","","","","","","","","","","","","","","","","","","","","","","","","","","","","","","","","","","","","","","","","0.502839982509613","0.659240007400513","0.7535600066185","0.710449993610382","","","","0.68953001499176","","",
"IBRD only","IBD","Educational attainment, Doctoral or equivalent, population 25+, total (%) (cumulative)","SE.TER.CUAT.DO.ZS","","","","","","","","","","","","","","","","","","","","","","","","","","","","","","","","","","","","","","","","","","","","","","","","","","","","","","","","","","","","","","","",
"IDA & IBRD total","IBT","Educational attainment, Doctoral or equivalent, population 25+, total (%) (cumulative)","SE.TER.CUAT.DO.ZS","","","","","","","","","","","","","","","","","","","","","","","","","","","","","","","","","","","","","","","","","","","","","","","","","","","","","","","","","","","","","","","",
"IDA total","IDA","Educational attainment, Doctoral or equivalent, population 25+, total (%) (cumulative)","SE.TER.CUAT.DO.ZS","","","","","","","","","","","","","","","","","","","","","","","","","","","","","","","","","","","","","","","","","","","","","","","","","","","","","","","","","","","","","","","",
"IDA blend","IDB","Educational attainment, Doctoral or equivalent, population 25+, total (%) (cumulative)","SE.TER.CUAT.DO.ZS","","","","","","","","","","","","","","","","","","","","","","","","","","","","","","","","","","","","","","","","","","","","","","","","","","","","","","","","","","","","","","","",
"Indonesia","IDN","Educational attainment, Doctoral or equivalent, population 25+, total (%) (cumulative)","SE.TER.CUAT.DO.ZS","","","","","","","","","","","","","","","","","","","","","","","","","","","","","","","","","","","","","","","","","","","","","","","","","","","","","","","","0.0321299992501736","0.0415799990296364","","0.0501700006425381","","0.044369999319315","","",
"IDA only","IDX","Educational attainment, Doctoral or equivalent, population 25+, total (%) (cumulative)","SE.TER.CUAT.DO.ZS","","","","","","","","","","","","","","","","","","","","","","","","","","","","","","","","","","","","","","","","","","","","","","","","","","","","","","","","","","","","","","","",
"Isle of Man","IMN","Educational attainment, Doctoral or equivalent, population 25+, total (%) (cumulative)","SE.TER.CUAT.DO.ZS","","","","","","","","","","","","","","","","","","","","","","","","","","","","","","","","","","","","","","","","","","","","","","","","","","","","","","","","","","","","","","","",
"India","IND","Educational attainment, Doctoral or equivalent, population 25+, total (%) (cumulative)","SE.TER.CUAT.DO.ZS","","","","","","","","","","","","","","","","","","","","","","","","","","","","","","","","","","","","","","","","","","","","","","","","","","","","","","","","","","","","","","","",
"Not classified","INX","Educational attainment, Doctoral or equivalent, population 25+, total (%) (cumulative)","SE.TER.CUAT.DO.ZS","","","","","","","","","","","","","","","","","","","","","","","","","","","","","","","","","","","","","","","","","","","","","","","","","","","","","","","","","","","","","","","",
"Ireland","IRL","Educational attainment, Doctoral or equivalent, population 25+, total (%) (cumulative)","SE.TER.CUAT.DO.ZS","","","","","","","","","","","","","","","","","","","","","","","","","","","","","","","","","","","","","","","","","","","","","","","","","","","","","","","","","","","","","","","",
"Iran, Islamic Rep.","IRN","Educational attainment, Doctoral or equivalent, population 25+, total (%) (cumulative)","SE.TER.CUAT.DO.ZS","","","","","","","","","","","","","","","","","","","","","","","","","","","","","","","","","","","","","","","","","","","","","","","","","","","","","0.223340004682541","0.298920005559921","0.286390006542206","","0.367540001869202","","","","","","",
"Iraq","IRQ","Educational attainment, Doctoral or equivalent, population 25+, total (%) (cumulative)","SE.TER.CUAT.DO.ZS","","","","","","","","","","","","","","","","","","","","","","","","","","","","","","","","","","","","","","","","","","","","","","","","","","","","","","","","","","","","","","","",
"Iceland","ISL","Educational attainment, Doctoral or equivalent, population 25+, total (%) (cumulative)","SE.TER.CUAT.DO.ZS","","","","","","","","","","","","","","","","","","","","","","","","","","","","","","","","","","","","","","","","","","","","","","","","","","","","","","","","","","","","1.38751995563507","1.41851997375488","","",
"Israel","ISR","Educational attainment, Doctoral or equivalent, population 25+, total (%) (cumulative)","SE.TER.CUAT.DO.ZS","","","","","","","","","","","","","","","","","","","","","","","","","","","","","","","","","","","","","","","","","","","","","","","","","","","","","","1.43874001502991","1.40883994102478","1.44091999530792","","","","","","","",
"Italy","ITA","Educational attainment, Doctoral or equivalent, population 25+, total (%) (cumulative)","SE.TER.CUAT.DO.ZS","","","","","","","","","","","","","","","","","","","","","","","","","","","","","","","","","","","","","","","","","","","","","","","","","","","","","","","","","","","","","0.401259988546371","","",
"Jamaica","JAM","Educational attainment, Doctoral or equivalent, population 25+, total (%) (cumulative)","SE.TER.CUAT.DO.ZS","","","","","","","","","","","","","","","","","","","","","","","","","","","","","","","","","","","","","","","","","","","","","","","","","","","","","","","","","","","","","","","",
"Jordan","JOR","Educational attainment, Doctoral or equivalent, population 25+, total (%) (cumulative)","SE.TER.CUAT.DO.ZS","","","","","","","","","","","","","","","","","","","","","","","","","","","","","","","","","","","","","","","","","","","","","","","","","","","","","","","","","","","0.635039985179901","","0.722280025482178","","",
"Japan","JPN","Educational attainment, Doctoral or equivalent, population 25+, total (%) (cumulative)","SE.TER.CUAT.DO.ZS","","","","","","","","","","","","","","","","","","","","","","","","","","","","","","","","","","","","","","","","","","","","","","","","","","","","","","","","","","","","","","","",
"Kazakhstan","KAZ","Educational attainment, Doctoral or equivalent, population 25+, total (%) (cumulative)","SE.TER.CUAT.DO.ZS","","","","","","","","","","","","","","","","","","","","","","","","","","","","","","","","","","","","","","","","","","","","","","","","","","","","","","","","","","","","","","","",
"Kenya","KEN","Educational attainment, Doctoral or equivalent, population 25+, total (%) (cumulative)","SE.TER.CUAT.DO.ZS","","","","","","","","","","","","","","","","","","","","","","","","","","","","","","","","","","","","","","","","","","","","","","","","","","","","","","","","","","","","","","","",
"Kyrgyz Republic","KGZ","Educational attainment, Doctoral or equivalent, population 25+, total (%) (cumulative)","SE.TER.CUAT.DO.ZS","","","","","","","","","","","","","","","","","","","","","","","","","","","","","","","","","","","","","","","","","","","","","","","","","","0.03192999958992","","","","","","","","","","","","","",
"Cambodia","KHM","Educational attainment, Doctoral or equivalent, population 25+, total (%) (cumulative)","SE.TER.CUAT.DO.ZS","","","","","","","","","","","","","","","","","","","","","","","","","","","","","","","","","","","","","","","","","","","","","","","","","","","","","","","0.0547700002789497","0.0870399996638298","","","","","","","",
"Kiribati","KIR","Educational attainment, Doctoral or equivalent, population 25+, total (%) (cumulative)","SE.TER.CUAT.DO.ZS","","","","","","","","","","","","","","","","","","","","","","","","","","","","","","","","","","","","","","","","","","","","","","","","","","","","","","","","","","","","","","","",
"St. Kitts and Nevis","KNA","Educational attainment, Doctoral or equivalent, population 25+, total (%) (cumulative)","SE.TER.CUAT.DO.ZS","","","","","","","","","","","","","","","","","","","","","","","","","","","","","","","","","","","","","","","","","","","","","","","","","","","","","","","","","","","","","","","",
"Korea, Rep.","KOR","Educational attainment, Doctoral or equivalent, population 25+, total (%) (cumulative)","SE.TER.CUAT.DO.ZS","","","","","","","","","","","","","","","","","","","","","","","","","","","","","","","","","","","","","","","","","","","","","","","","","","","0.578840017318726","","","","","0.771870017051697","","","","","","","",
"Kuwait","KWT","Educational attainment, Doctoral or equivalent, population 25+, total (%) (cumulative)","SE.TER.CUAT.DO.ZS","","","","","","","","","","","","","","","","","","","","","","","","","","","","","","","","","","","","","","","","","","","","","","","","","","","","","","","","","","","","","","","",
"Latin America & Caribbean (excluding high income)","LAC","Educational attainment, Doctoral or equivalent, population 25+, total (%) (cumulative)","SE.TER.CUAT.DO.ZS","","","","","","","","","","","","","","","","","","","","","","","","","","","","","","","","","","","","","","","","","","","","","","","","","","","","","","","","","","","","","","","",
"Lao PDR","LAO","Educational attainment, Doctoral or equivalent, population 25+, total (%) (cumulative)","SE.TER.CUAT.DO.ZS","","","","","","","","","","","","","","","","","","","","","","","","","","","","","","","","","","","","","","","","","","","","","","","","","","","","","","","","","","","","","","","",
"Lebanon","LBN","Educational attainment, Doctoral or equivalent, population 25+, total (%) (cumulative)","SE.TER.CUAT.DO.ZS","","","","","","","","","","","","","","","","","","","","","","","","","","","","","","","","","","","","","","","","","","","","","","","","","","","","","","","","","","","","","","","",
"Liberia","LBR","Educational attainment, Doctoral or equivalent, population 25+, total (%) (cumulative)","SE.TER.CUAT.DO.ZS","","","","","","","","","","","","","","","","","","","","","","","","","","","","","","","","","","","","","","","","","","","","","","","","","","","","","","","","","","","","","","","",
"Libya","LBY","Educational attainment, Doctoral or equivalent, population 25+, total (%) (cumulative)","SE.TER.CUAT.DO.ZS","","","","","","","","","","","","","","","","","","","","","","","","","","","","","","","","","","","","","","","","","","","","","","","","","","","","","","","","","","","","","","","",
"St. Lucia","LCA","Educational attainment, Doctoral or equivalent, population 25+, total (%) (cumulative)","SE.TER.CUAT.DO.ZS","","","","","","","","","","","","","","","","","","","","","","","","","","","","","","","","","","","","","","","","","","","","","","","","","","","0.226549997925758","","","","","","","","","","","","",
"Latin America & Caribbean","LCN","Educational attainment, Doctoral or equivalent, population 25+, total (%) (cumulative)","SE.TER.CUAT.DO.ZS","","","","","","","","","","","","","","","","","","","","","","","","","","","","","","","","","","","","","","","","","","","","","","","","","","","","","","","","","","","","","","","",
"Least developed countries: UN classification","LDC","Educational attainment, Doctoral or equivalent, population 25+, total (%) (cumulative)","SE.TER.CUAT.DO.ZS","","","","","","","","","","","","","","","","","","","","","","","","","","","","","","","","","","","","","","","","","","","","","","","","","","","","","","","","","","","","","","","",
"Low income","LIC","Educational attainment, Doctoral or equivalent, population 25+, total (%) (cumulative)","SE.TER.CUAT.DO.ZS","","","","","","","","","","","","","","","","","","","","","","","","","","","","","","","","","","","","","","","","","","","","","","","","","","","","","","","","","","","","","","","",
"Liechtenstein","LIE","Educational attainment, Doctoral or equivalent, population 25+, total (%) (cumulative)","SE.TER.CUAT.DO.ZS","","","","","","","","","","","","","","","","","","","","","","","","","","","","","","","","","","","","","","","","","","","","","","","","","","","","","","","","","","","","","","","",
"Sri Lanka","LKA","Educational attainment, Doctoral or equivalent, population 25+, total (%) (cumulative)","SE.TER.CUAT.DO.ZS","","","","","","","","","","","","","","","","","","","","","","","","","","","","","","","","","","","","","","","","","","","","","","","","","","","","","","","","","","","","","","","",
"Lower middle income","LMC","Educational attainment, Doctoral or equivalent, population 25+, total (%) (cumulative)","SE.TER.CUAT.DO.ZS","","","","","","","","","","","","","","","","","","","","","","","","","","","","","","","","","","","","","","","","","","","","","","","","","","","","","","","","","","","","","","","",
"Low & middle income","LMY","Educational attainment, Doctoral or equivalent, population 25+, total (%) (cumulative)","SE.TER.CUAT.DO.ZS","","","","","","","","","","","","","","","","","","","","","","","","","","","","","","","","","","","","","","","","","","","","","","","","","","","","","","","","","","","","","","","",
"Lesotho","LSO","Educational attainment, Doctoral or equivalent, population 25+, total (%) (cumulative)","SE.TER.CUAT.DO.ZS","","","","","","","","","","","","","","","","","","","","","","","","","","","","","","","","","","","","","","","","","","","","","","","","","","","","","","","","","","","","","","","",
"Late-demographic dividend","LTE","Educational attainment, Doctoral or equivalent, population 25+, total (%) (cumulative)","SE.TER.CUAT.DO.ZS","","","","","","","","","","","","","","","","","","","","","","","","","","","","","","","","","","","","","","","","","","","","","","","","","","","","","","","","","","","","","","","",
"Lithuania","LTU","Educational attainment, Doctoral or equivalent, population 25+, total (%) (cumulative)","SE.TER.CUAT.DO.ZS","","","","","","","","","","","","","","","","","","","","","","","","","","","","","","","","","","","","","","","","","","","","","","","","","","","","","","0.442750006914139","0.468670010566711","0.608780026435852","0.58772999048233","0.624520003795624","","","0.852439999580383","","",
"Luxembourg","LUX","Educational attainment, Doctoral or equivalent, population 25+, total (%) (cumulative)","SE.TER.CUAT.DO.ZS","","","","","","","","","","","","","","","","","","","","","","","","","","","","","","","","","","","","","","","","","","","","","","","","","","","","","","","","","","","","","","","",
"Latvia","LVA","Educational attainment, Doctoral or equivalent, population 25+, total (%) (cumulative)","SE.TER.CUAT.DO.ZS","","","","","","","","","","","","","","","","","","","","","","","","","","","","","","","","","","","","","","","","","","","","","","","","","","","","","","0.46900999546051","0.584519982337952","0.542620003223419","0.412400007247925","","1.10706996917725","","","","",
"Macao SAR, China","MAC","Educational attainment, Doctoral or equivalent, population 25+, total (%) (cumulative)","SE.TER.CUAT.DO.ZS","","","","","","","","","","","","","","","","","","","","","","","","","","","","","","","","","","","","","","","","","","","","","","","","","","","","","","","","","","","","","","","",
"St. Martin (French part)","MAF","Educational attainment, Doctoral or equivalent, population 25+, total (%) (cumulative)","SE.TER.CUAT.DO.ZS","","","","","","","","","","","","","","","","","","","","","","","","","","","","","","","","","","","","","","","","","","","","","","","","","","","","","","","","","","","","","","","",
"Morocco","MAR","Educational attainment, Doctoral or equivalent, population 25+, total (%) (cumulative)","SE.TER.CUAT.DO.ZS","","","","","","","","","","","","","","","","","","","","","","","","","","","","","","","","","","","","","","","","","","","","","","","","","","","","","","","","","","","","","","","",
"Monaco","MCO","Educational attainment, Doctoral or equivalent, population 25+, total (%) (cumulative)","SE.TER.CUAT.DO.ZS","","","","","","","","","","","","","","","","","","","","","","","","","","","","","","","","","","","","","","","","","","","","","","","","","","","","","","","","","","","","","","","",
"Moldova","MDA","Educational attainment, Doctoral or equivalent, population 25+, total (%) (cumulative)","SE.TER.CUAT.DO.ZS","","","","","","","","","","","","","","","","","","","","","","","","","","","","","","","","","","","","","","","","","","","","","","","","","","","","","","0.063740000128746","0.0829999968409538","0.183669999241829","","","0.145689994096756","0.166260004043579","","","",
"Madagascar","MDG","Educational attainment, Doctoral or equivalent, population 25+, total (%) (cumulative)","SE.TER.CUAT.DO.ZS","","","","","","","","","","","","","","","","","","","","","","","","","","","","","","","","","","","","","","","","","","","","","","","","","","","","","","","","","","","0.325960010290146","","","","",
"Maldives","MDV","Educational attainment, Doctoral or equivalent, population 25+, total (%) (cumulative)","SE.TER.CUAT.DO.ZS","","","","","","","","","","","","","","","","","","","","","","","","","","","","","","","","","","","","","","","","","","","","","","","","","","","","","","","","","","","","","","","",
"Middle East & North Africa","MEA","Educational attainment, Doctoral or equivalent, population 25+, total (%) (cumulative)","SE.TER.CUAT.DO.ZS","","","","","","","","","","","","","","","","","","","","","","","","","","","","","","","","","","","","","","","","","","","","","","","","","","","","","","","","","","","","","","","",
"Mexico","MEX","Educational attainment, Doctoral or equivalent, population 25+, total (%) (cumulative)","SE.TER.CUAT.DO.ZS","","","","","","","","","","","","","","","","","","","","","","","","","","","","","","","","","","","","","","","","","","","","","","","","","","","0.142680004239082","","","0.0850400030612946","0.0840200036764145","0.224769994616508","0.0762600004673004","0.0768100023269653","0.0829700008034706","","0.313980013132095","","",
"Marshall Islands","MHL","Educational attainment, Doctoral or equivalent, population 25+, total (%) (cumulative)","SE.TER.CUAT.DO.ZS","","","","","","","","","","","","","","","","","","","","","","","","","","","","","","","","","","","","","","","","","","","","","","","","","","","","0.0976900011301041","","","","","","","","","","","",
"Middle income","MIC","Educational attainment, Doctoral or equivalent, population 25+, total (%) (cumulative)","SE.TER.CUAT.DO.ZS","","","","","","","","","","","","","","","","","","","","","","","","","","","","","","","","","","","","","","","","","","","","","","","","","","","","","","","","","","","","","","","",
"North Macedonia","MKD","Educational attainment, Doctoral or equivalent, population 25+, total (%) (cumulative)","SE.TER.CUAT.DO.ZS","","","","","","","","","","","","","","","","","","","","","","","","","","","","","","","","","","","","","","","","","","","","","","","","","","","","","","","","","","","","","0.253210008144379","","",
"Mali","MLI","Educational attainment, Doctoral or equivalent, population 25+, total (%) (cumulative)","SE.TER.CUAT.DO.ZS","","","","","","","","","","","","","","","","","","","","","","","","","","","","","","","","","","","","","","","","","","","","","","","","","","","","","","","","0.106789998710155","0.062780000269413","","0.110440000891685","","0.0525300018489361","","",
"Malta","MLT","Educational attainment, Doctoral or equivalent, population 25+, total (%) (cumulative)","SE.TER.CUAT.DO.ZS","","","","","","","","","","","","","","","","","","","","","","","","","","","","","","","","","","","","","","","","","","","","","","","","","","","","","","0.269030004739761","0.244929999113083","0.279080003499985","0.239959999918938","","0.491809993982315","","0.708400011062622","","",
"Myanmar","MMR","Educational attainment, Doctoral or equivalent, population 25+, total (%) (cumulative)","SE.TER.CUAT.DO.ZS","","","","","","","","","","","","","","","","","","","","","","","","","","","","","","","","","","","","","","","","","","","","","","","","","","","","","","","","","","","","0.0476099997758865","","","",
"Middle East & North Africa (excluding high income)","MNA","Educational attainment, Doctoral or equivalent, population 25+, total (%) (cumulative)","SE.TER.CUAT.DO.ZS","","","","","","","","","","","","","","","","","","","","","","","","","","","","","","","","","","","","","","","","","","","","","","","","","","","","","","","","","","","","","","","",
"Montenegro","MNE","Educational attainment, Doctoral or equivalent, population 25+, total (%) (cumulative)","SE.TER.CUAT.DO.ZS","","","","","","","","","","","","","","","","","","","","","","","","","","","","","","","","","","","","","","","","","","","","","","","","","","","","","","","","","","","","","","","",
"Mongolia","MNG","Educational attainment, Doctoral or equivalent, population 25+, total (%) (cumulative)","SE.TER.CUAT.DO.ZS","","","","","","","","","","","","","","","","","","","","","","","","","","","","","","","","","","","","","","","","","","","","","","","","","","","0.264059990644455","","","","","","","","","","0.200440004467964","","",
"Northern Mariana Islands","MNP","Educational attainment, Doctoral or equivalent, population 25+, total (%) (cumulative)","SE.TER.CUAT.DO.ZS","","","","","","","","","","","","","","","","","","","","","","","","","","","","","","","","","","","","","","","","","","","","","","","","","","","","","","","","","","","","","","","",
"Mozambique","MOZ","Educational attainment, Doctoral or equivalent, population 25+, total (%) (cumulative)","SE.TER.CUAT.DO.ZS","","","","","","","","","","","","","","","","","","","","","","","","","","","","","","","","","","","","","","","","","","","","","","","","","","","","","","","","","","0.0383200012147427","","","0.047070000320673","","",
"Mauritania","MRT","Educational attainment, Doctoral or equivalent, population 25+, total (%) (cumulative)","SE.TER.CUAT.DO.ZS","","","","","","","","","","","","","","","","","","","","","","","","","","","","","","","","","","","","","","","","","","","","","","","","","","","","","","0.321299999952316","","","","","","","","","",
"Mauritius","MUS","Educational attainment, Doctoral or equivalent, population 25+, total (%) (cumulative)","SE.TER.CUAT.DO.ZS","","","","","","","","","","","","","","","","","","","","","","","","","","","","","","","","","","","","","","","","","","","","","","","","","","","","","","","","","","","","","","","",
"Malawi","MWI","Educational attainment, Doctoral or equivalent, population 25+, total (%) (cumulative)","SE.TER.CUAT.DO.ZS","","","","","","","","","","","","","","","","","","","","","","","","","","","","","","","","","","","","","","","","","","","","","","","","","","","","","","","","","","","","","","","",
"Malaysia","MYS","Educational attainment, Doctoral or equivalent, population 25+, total (%) (cumulative)","SE.TER.CUAT.DO.ZS","","","","","","","","","","","","","","","","","","","","","","","","","","","","","","","","","","","","","","","","","","","","","","","","","","","","","","","","","0.258500009775162","","","0.264580011367798","","","",
"North America","NAC","Educational attainment, Doctoral or equivalent, population 25+, total (%) (cumulative)","SE.TER.CUAT.DO.ZS","","","","","","","","","","","","","","","","","","","","","","","","","","","","","","","","","","","","","","","","","","","","","","","","","","","","","","","","","","","","","","","",
"Namibia","NAM","Educational attainment, Doctoral or equivalent, population 25+, total (%) (cumulative)","SE.TER.CUAT.DO.ZS","","","","","","","","","","","","","","","","","","","","","","","","","","","","","","","","","","","","","","","","","","","","","","","","","","","","","","","","","","","","","","","",
"New Caledonia","NCL","Educational attainment, Doctoral or equivalent, population 25+, total (%) (cumulative)","SE.TER.CUAT.DO.ZS","","","","","","","","","","","","","","","","","","","","","","","","","","","","","","","","","","","","","","","","","","","","","","","","","","","","","","","","","","","","","","","",
"Niger","NER","Educational attainment, Doctoral or equivalent, population 25+, total (%) (cumulative)","SE.TER.CUAT.DO.ZS","","","","","","","","","","","","","","","","","","","","","","","","","","","","","","","","","","","","","","","","","","","","","","","","","","","","","0.219449996948242","","","","","","","","","","",
"Nigeria","NGA","Educational attainment, Doctoral or equivalent, population 25+, total (%) (cumulative)","SE.TER.CUAT.DO.ZS","","","","","","","","","","","","","","","","","","","","","","","","","","","","","","","","","","","","","","","","","","","","","","","","","","","","","","","","","","","","","","","",
"Nicaragua","NIC","Educational attainment, Doctoral or equivalent, population 25+, total (%) (cumulative)","SE.TER.CUAT.DO.ZS","","","","","","","","","","","","","","","","","","","","","","","","","","","","","","","","","","","","","","","","","","","","","","","","","","","","","","","","","","","","","","","",
"Netherlands","NLD","Educational attainment, Doctoral or equivalent, population 25+, total (%) (cumulative)","SE.TER.CUAT.DO.ZS","","","","","","","","","","","","","","","","","","","","","","","","","","","","","","","","","","","","","","","","","","","","","","","","","","","","","","0.554610013961792","0.560840010643005","0.567080020904541","0.579590022563934","","0.627430021762848","","0.706110000610352","","",
"Norway","NOR","Educational attainment, Doctoral or equivalent, population 25+, total (%) (cumulative)","SE.TER.CUAT.DO.ZS","","","","","","","","","","","","","","","","","","","","","","","","","","","","","","","","","","","","","","","","","","","","","","","","","","","","","","","0.883610010147095","0.94760000705719","0.996460020542145","1.01668000221252","","1.08565998077393","","","",
"Nepal","NPL","Educational attainment, Doctoral or equivalent, population 25+, total (%) (cumulative)","SE.TER.CUAT.DO.ZS","","","","","","","","","","","","","","","","","","","","","","","","","","","","","","","","","","","","","","","","","","","","","","","","","","","","","","","","","","","","","","","",
"Nauru","NRU","Educational attainment, Doctoral or equivalent, population 25+, total (%) (cumulative)","SE.TER.CUAT.DO.ZS","","","","","","","","","","","","","","","","","","","","","","","","","","","","","","","","","","","","","","","","","","","","","","","","","","","","","","","","","","","","","","","",
"New Zealand","NZL","Educational attainment, Doctoral or equivalent, population 25+, total (%) (cumulative)","SE.TER.CUAT.DO.ZS","","","","","","","","","","","","","","","","","","","","","","","","","","","","","","","","","","","","","","","","","","","","","","","","","","","","","","","0.828549981117249","0.537490010261536","0.943870007991791","","","","1.12228000164032","","",
"OECD members","OED","Educational attainment, Doctoral or equivalent, population 25+, total (%) (cumulative)","SE.TER.CUAT.DO.ZS","","","","","","","","","","","","","","","","","","","","","","","","","","","","","","","","","","","","","","","","","","","","","","","","","","","","","","","","","","","","","","","",
"Oman","OMN","Educational attainment, Doctoral or equivalent, population 25+, total (%) (cumulative)","SE.TER.CUAT.DO.ZS","","","","","","","","","","","","","","","","","","","","","","","","","","","","","","","","","","","","","","","","","","","","","","","","","","","0.363220006227493","","","","","0.301219999790192","","","","","0.294869989156723","","0.317580014467239",
"Other small states","OSS","Educational attainment, Doctoral or equivalent, population 25+, total (%) (cumulative)","SE.TER.CUAT.DO.ZS","","","","","","","","","","","","","","","","","","","","","","","","","","","","","","","","","","","","","","","","","","","","","","","","","","","","","","","","","","","","","","","",
"Pakistan","PAK","Educational attainment, Doctoral or equivalent, population 25+, total (%) (cumulative)","SE.TER.CUAT.DO.ZS","","","","","","","","","","","","","","","","","","","","","","","","","","","","","","","","","","","","","","","","","","","","","","","","","","","","","0.462330013513565","0.490139991044998","0.516099989414215","","0.516099989414215","0.4930399954319","0.00870000012218952","0.0220100004225969","","","",
"Panama","PAN","Educational attainment, Doctoral or equivalent, population 25+, total (%) (cumulative)","SE.TER.CUAT.DO.ZS","","","","","","","","","","","","","","","","","","","","","","","","","","","","","","","","","","","","","","","","","","","","","","","","","","","0.255290001630783","","","","","","","","","0.232899993658066","","","",
"Peru","PER","Educational attainment, Doctoral or equivalent, population 25+, total (%) (cumulative)","SE.TER.CUAT.DO.ZS","","","","","","","","","","","","","","","","","","","","","","","","","","","","","","","","","","","","","","","","","","","","","","","","","","","","","","","","","","","","","","","",
"Philippines","PHL","Educational attainment, Doctoral or equivalent, population 25+, total (%) (cumulative)","SE.TER.CUAT.DO.ZS","","","","","","","","","","","","","","","","","","","","","","","","","","","","","","","","","","","","","","","","","","","","","","","","","","","","","","","","","","0.0468900017440319","","0.114330001175404","","","",
"Palau","PLW","Educational attainment, Doctoral or equivalent, population 25+, total (%) (cumulative)","SE.TER.CUAT.DO.ZS","","","","","","","","","","","","","","","","","","","","","","","","","","","","","","","","","","","","","","","","","","","","","","","","","","","","","","","","","","","","","","","",
"Papua New Guinea","PNG","Educational attainment, Doctoral or equivalent, population 25+, total (%) (cumulative)","SE.TER.CUAT.DO.ZS","","","","","","","","","","","","","","","","","","","","","","","","","","","","","","","","","","","","","","","","","","","","","","","","","","","","","","","","","","","","","","","",
"Poland","POL","Educational attainment, Doctoral or equivalent, population 25+, total (%) (cumulative)","SE.TER.CUAT.DO.ZS","","","","","","","","","","","","","","","","","","","","","","","","","","","","","","","","","","","","","","","","","","","","","","","","","","","","","","0.53396999835968","0.566950023174286","","0.437790006399155","","","","0.648769974708557","","",
"Pre-demographic dividend","PRE","Educational attainment, Doctoral or equivalent, population 25+, total (%) (cumulative)","SE.TER.CUAT.DO.ZS","","","","","","","","","","","","","","","","","","","","","","","","","","","","","","","","","","","","","","","","","","","","","","","","","","","","","","","","","","","","","","","",
"Puerto Rico","PRI","Educational attainment, Doctoral or equivalent, population 25+, total (%) (cumulative)","SE.TER.CUAT.DO.ZS","","","","","","","","","","","","","","","","","","","","","","","","","","","","","","","","","","","","","","","","","","","","","","","","","","","","","0.74414998292923","","","","","0.930199980735779","","","","","",
"Korea, Dem. People's Rep.","PRK","Educational attainment, Doctoral or equivalent, population 25+, total (%) (cumulative)","SE.TER.CUAT.DO.ZS","","","","","","","","","","","","","","","","","","","","","","","","","","","","","","","","","","","","","","","","","","","","","","","","","","","","","","","","","","","","","","","",
"Portugal","PRT","Educational attainment, Doctoral or equivalent, population 25+, total (%) (cumulative)","SE.TER.CUAT.DO.ZS","","","","","","","","","","","","","","","","","","","","","","","","","","","","","","","","","","","","","","","","","","","","","","","","","","","","","","","0.452219992876053","0.486809998750687","0.495050013065338","0.5658900141716","0.588530004024506","0.719460010528564","0.762510001659393","","",
"Paraguay","PRY","Educational attainment, Doctoral or equivalent, population 25+, total (%) (cumulative)","SE.TER.CUAT.DO.ZS","","","","","","","","","","","","","","","","","","","","","","","","","","","","","","","","","","","","","","","","","","","","","","","","","","","","","0.0525100007653236","0.187319993972778","0.065250001847744","0.122440002858639","0.0502699986100197","","0.0557999983429909","0.0637099966406822","0.0910300016403198","","",
"West Bank and Gaza","PSE","Educational attainment, Doctoral or equivalent, population 25+, total (%) (cumulative)","SE.TER.CUAT.DO.ZS","","","","","","","","","","","","","","","","","","","","","","","","","","","","","","","","","","","","","","","","","","","","","","","","","","","","","","0.312090009450912","0.226569995284081","0.210679993033409","0.210260003805161","0.243320003151894","0.255140006542206","","0.269989997148514","","",
"Pacific island small states","PSS","Educational attainment, Doctoral or equivalent, population 25+, total (%) (cumulative)","SE.TER.CUAT.DO.ZS","","","","","","","","","","","","","","","","","","","","","","","","","","","","","","","","","","","","","","","","","","","","","","","","","","","","","","","","","","","","","","","",
"Post-demographic dividend","PST","Educational attainment, Doctoral or equivalent, population 25+, total (%) (cumulative)","SE.TER.CUAT.DO.ZS","","","","","","","","","","","","","","","","","","","","","","","","","","","","","","","","","","","","","","","","","","","","","","","","","","","","","","","","","","","","","","","",
"French Polynesia","PYF","Educational attainment, Doctoral or equivalent, population 25+, total (%) (cumulative)","SE.TER.CUAT.DO.ZS","","","","","","","","","","","","","","","","","","","","","","","","","","","","","","","","","","","","","","","","","","","","","","","","","","","","","","","","","","","","","","","",
"Qatar","QAT","Educational attainment, Doctoral or equivalent, population 25+, total (%) (cumulative)","SE.TER.CUAT.DO.ZS","","","","","","","","","","","","","","","","","","","","","","","","","","","","","","","","","","","","","","","","","","","","","","","","","","","","","","","","","0.428460001945496","0.439909994602203","","","","","",
"Romania","ROU","Educational attainment, Doctoral or equivalent, population 25+, total (%) (cumulative)","SE.TER.CUAT.DO.ZS","","","","","","","","","","","","","","","","","","","","","","","","","","","","","","","","","","","","","","","","","","","","","","","","","","","","","","","0.0810699984431267","","","","","","","","",
"Russian Federation","RUS","Educational attainment, Doctoral or equivalent, population 25+, total (%) (cumulative)","SE.TER.CUAT.DO.ZS","","","","","","","","","","","","","","","","","","","","","","","","","","","","","","","","","","","","","","","","","","","","","","","","","","","0.649489998817444","","","","","","","","","","","1.26895999908447","",
"Rwanda","RWA","Educational attainment, Doctoral or equivalent, population 25+, total (%) (cumulative)","SE.TER.CUAT.DO.ZS","","","","","","","","","","","","","","","","","","","","","","","","","","","","","","","","","","","","","","","","","","","","","","","","","","","","","0.033610001206398","","0.0127499997615814","","","","0.0160199999809265","","","","",
"South Asia","SAS","Educational attainment, Doctoral or equivalent, population 25+, total (%) (cumulative)","SE.TER.CUAT.DO.ZS","","","","","","","","","","","","","","","","","","","","","","","","","","","","","","","","","","","","","","","","","","","","","","","","","","","","","","","","","","","","","","","",
"Saudi Arabia","SAU","Educational attainment, Doctoral or equivalent, population 25+, total (%) (cumulative)","SE.TER.CUAT.DO.ZS","","","","","","","","","","","","","","","","","","","","","","","","","","","","","","","","","","","","","","","","","","","","","","","","","","","","","","","","","","0.677079975605011","","","1.15103995800018","","",
"Sudan","SDN","Educational attainment, Doctoral or equivalent, population 25+, total (%) (cumulative)","SE.TER.CUAT.DO.ZS","","","","","","","","","","","","","","","","","","","","","","","","","","","","","","","","","","","","","","","","","","","","","","","","","","","","","","","","","","","","","","","",
"Senegal","SEN","Educational attainment, Doctoral or equivalent, population 25+, total (%) (cumulative)","SE.TER.CUAT.DO.ZS","","","","","","","","","","","","","","","","","","","","","","","","","","","","","","","","","","","","","","","","","","","","","","","","","","","","0.274910002946854","","0.423629999160767","","","","0.0674799978733063","","","","","",
"Singapore","SGP","Educational attainment, Doctoral or equivalent, population 25+, total (%) (cumulative)","SE.TER.CUAT.DO.ZS","","","","","","","","","","","","","","","","","","","","","","","","","","","","","","","","","","","","","","","","","","","","","","","","","","","","","","","","","","","","","","","",
"Solomon Islands","SLB","Educational attainment, Doctoral or equivalent, population 25+, total (%) (cumulative)","SE.TER.CUAT.DO.ZS","","","","","","","","","","","","","","","","","","","","","","","","","","","","","","","","","","","","","","","","","","","","","","","","","","","","","","","","","","","","","","","",
"Sierra Leone","SLE","Educational attainment, Doctoral or equivalent, population 25+, total (%) (cumulative)","SE.TER.CUAT.DO.ZS","","","","","","","","","","","","","","","","","","","","","","","","","","","","","","","","","","","","","","","","","","","","","","","","","","","","","","","","","","","","","","","",
"El Salvador","SLV","Educational attainment, Doctoral or equivalent, population 25+, total (%) (cumulative)","SE.TER.CUAT.DO.ZS","","","","","","","","","","","","","","","","","","","","","","","","","","","","","","","","","","","","","","","","","","","","","","","","","","","","","","0.0388000011444092","","","","","","","","","",
"San Marino","SMR","Educational attainment, Doctoral or equivalent, population 25+, total (%) (cumulative)","SE.TER.CUAT.DO.ZS","","","","","","","","","","","","","","","","","","","","","","","","","","","","","","","","","","","","","","","","","","","","","","","","","","","","","","","","","","","","","","","",
"Somalia","SOM","Educational attainment, Doctoral or equivalent, population 25+, total (%) (cumulative)","SE.TER.CUAT.DO.ZS","","","","","","","","","","","","","","","","","","","","","","","","","","","","","","","","","","","","","","","","","","","","","","","","","","","","","","","","","","","","","","","",
"Serbia","SRB","Educational attainment, Doctoral or equivalent, population 25+, total (%) (cumulative)","SE.TER.CUAT.DO.ZS","","","","","","","","","","","","","","","","","","","","","","","","","","","","","","","","","","","","","","","","","","","","","","","","","","","","0.346870005130768","","0.283309996128082","0.409209996461868","0.365209996700287","0.482039988040924","0.393229991197586","","0.258150011301041","","","",
"Sub-Saharan Africa (excluding high income)","SSA","Educational attainment, Doctoral or equivalent, population 25+, total (%) (cumulative)","SE.TER.CUAT.DO.ZS","","","","","","","","","","","","","","","","","","","","","","","","","","","","","","","","","","","","","","","","","","","","","","","","","","","","","","","","","","","","","","","",
"South Sudan","SSD","Educational attainment, Doctoral or equivalent, population 25+, total (%) (cumulative)","SE.TER.CUAT.DO.ZS","","","","","","","","","","","","","","","","","","","","","","","","","","","","","","","","","","","","","","","","","","","","","","","","","0.199970006942749","","","","","","","","","","","","","","",
"Sub-Saharan Africa","SSF","Educational attainment, Doctoral or equivalent, population 25+, total (%) (cumulative)","SE.TER.CUAT.DO.ZS","","","","","","","","","","","","","","","","","","","","","","","","","","","","","","","","","","","","","","","","","","","","","","","","","","","","","","","","","","","","","","","",
"Small states","SST","Educational attainment, Doctoral or equivalent, population 25+, total (%) (cumulative)","SE.TER.CUAT.DO.ZS","","","","","","","","","","","","","","","","","","","","","","","","","","","","","","","","","","","","","","","","","","","","","","","","","","","","","","","","","","","","","","","",
"Sao Tome and Principe","STP","Educational attainment, Doctoral or equivalent, population 25+, total (%) (cumulative)","SE.TER.CUAT.DO.ZS","","","","","","","","","","","","","","","","","","","","","","","","","","","","","","","","","","","","","","","","","","","","","","","","","","","","","0","","","","","","","","","","",
"Suriname","SUR","Educational attainment, Doctoral or equivalent, population 25+, total (%) (cumulative)","SE.TER.CUAT.DO.ZS","","","","","","","","","","","","","","","","","","","","","","","","","","","","","","","","","","","","","","","","","","","","","","","","","","","","","","","","","","","","","","","",
"Slovak Republic","SVK","Educational attainment, Doctoral or equivalent, population 25+, total (%) (cumulative)","SE.TER.CUAT.DO.ZS","","","","","","","","","","","","","","","","","","","","","","","","","","","","","","","","","","","","","","","","","","","","","","","","","","","","1.06246995925903","","","0.548160016536713","0.661260008811951","0.529900014400482","0.631749987602234","0.836290001869202","0.839690029621124","","","",
"Slovenia","SVN","Educational attainment, Doctoral or equivalent, population 25+, total (%) (cumulative)","SE.TER.CUAT.DO.ZS","","","","","","","","","","","","","","","","","","","","","","","","","","","","","","","","","","","","","","","","","","","","","","","","","","","","","","","1.62654995918274","1.76355004310608","2.30223989486694","2.75571990013123","","3.58211994171143","","","",
"Sweden","SWE","Educational attainment, Doctoral or equivalent, population 25+, total (%) (cumulative)","SE.TER.CUAT.DO.ZS","","","","","","","","","","","","","","","","","","","","","","","","","","","","","","","","","","","","","","","","","","","","","","","","","","","","","","1.15891003608704","1.183109998703","1.20635998249054","1.22180998325348","1.24491000175476","","1.29111003875732","","","",
"Eswatini","SWZ","Educational attainment, Doctoral or equivalent, population 25+, total (%) (cumulative)","SE.TER.CUAT.DO.ZS","","","","","","","","","","","","","","","","","","","","","","","","","","","","","","","","","","","","","","","","","","","","","","","","","","","","","","","","","","","","","","","",
"Sint Maarten (Dutch part)","SXM","Educational attainment, Doctoral or equivalent, population 25+, total (%) (cumulative)","SE.TER.CUAT.DO.ZS","","","","","","","","","","","","","","","","","","","","","","","","","","","","","","","","","","","","","","","","","","","","","","","","","","","","","","","","","","","","","","","",
"Seychelles","SYC","Educational attainment, Doctoral or equivalent, population 25+, total (%) (cumulative)","SE.TER.CUAT.DO.ZS","","","","","","","","","","","","","","","","","","","","","","","","","","","","","","","","","","","","","","","","","","","","","","","","","","","","","","","","","","","","","","","",
"Syrian Arab Republic","SYR","Educational attainment, Doctoral or equivalent, population 25+, total (%) (cumulative)","SE.TER.CUAT.DO.ZS","","","","","","","","","","","","","","","","","","","","","","","","","","","","","","","","","","","","","","","","","","","","","","","","","","","","","","","","","","","","","","","",
"Turks and Caicos Islands","TCA","Educational attainment, Doctoral or equivalent, population 25+, total (%) (cumulative)","SE.TER.CUAT.DO.ZS","","","","","","","","","","","","","","","","","","","","","","","","","","","","","","","","","","","","","","","","","","","","","","","","","","","","","","","","","","","","","","","",
"Chad","TCD","Educational attainment, Doctoral or equivalent, population 25+, total (%) (cumulative)","SE.TER.CUAT.DO.ZS","","","","","","","","","","","","","","","","","","","","","","","","","","","","","","","","","","","","","","","","","","","","","","","","","","0.045729998499155","","","","","","","","","","","","","",
"East Asia & Pacific (IDA & IBRD countries)","TEA","Educational attainment, Doctoral or equivalent, population 25+, total (%) (cumulative)","SE.TER.CUAT.DO.ZS","","","","","","","","","","","","","","","","","","","","","","","","","","","","","","","","","","","","","","","","","","","","","","","","","","","","","","","","","","","","","","","",
"Europe & Central Asia (IDA & IBRD countries)","TEC","Educational attainment, Doctoral or equivalent, population 25+, total (%) (cumulative)","SE.TER.CUAT.DO.ZS","","","","","","","","","","","","","","","","","","","","","","","","","","","","","","","","","","","","","","","","","","","","","","","","","","","","","","","","","","","","","","","",
"Togo","TGO","Educational attainment, Doctoral or equivalent, population 25+, total (%) (cumulative)","SE.TER.CUAT.DO.ZS","","","","","","","","","","","","","","","","","","","","","","","","","","","","","","","","","","","","","","","","","","","","","","","","","","","","","","","","","","","","","","","",
"Thailand","THA","Educational attainment, Doctoral or equivalent, population 25+, total (%) (cumulative)","SE.TER.CUAT.DO.ZS","","","","","","","","","","","","","","","","","","","","","","","","","","","","","","","","","","","","","","","","","","","","","","","","","","","","","","","","","","","0.101020000874996","0.0878299996256828","","","",
"Tajikistan","TJK","Educational attainment, Doctoral or equivalent, population 25+, total (%) (cumulative)","SE.TER.CUAT.DO.ZS","","","","","","","","","","","","","","","","","","","","","","","","","","","","","","","","","","","","","","","","","","","","","","","","","","","","","","","","","","5.47437000274658","","","","","",
"Turkmenistan","TKM","Educational attainment, Doctoral or equivalent, population 25+, total (%) (cumulative)","SE.TER.CUAT.DO.ZS","","","","","","","","","","","","","","","","","","","","","","","","","","","","","","","","","","","","","","","","","","","","","","","","","","","","","","","","","","","","","","","",
"Latin America & the Caribbean (IDA & IBRD countries)","TLA","Educational attainment, Doctoral or equivalent, population 25+, total (%) (cumulative)","SE.TER.CUAT.DO.ZS","","","","","","","","","","","","","","","","","","","","","","","","","","","","","","","","","","","","","","","","","","","","","","","","","","","","","","","","","","","","","","","",
"Timor-Leste","TLS","Educational attainment, Doctoral or equivalent, population 25+, total (%) (cumulative)","SE.TER.CUAT.DO.ZS","","","","","","","","","","","","","","","","","","","","","","","","","","","","","","","","","","","","","","","","","","","","","","","","","","","","","","","","","","","","","","","",
"Middle East & North Africa (IDA & IBRD countries)","TMN","Educational attainment, Doctoral or equivalent, population 25+, total (%) (cumulative)","SE.TER.CUAT.DO.ZS","","","","","","","","","","","","","","","","","","","","","","","","","","","","","","","","","","","","","","","","","","","","","","","","","","","","","","","","","","","","","","","",
"Tonga","TON","Educational attainment, Doctoral or equivalent, population 25+, total (%) (cumulative)","SE.TER.CUAT.DO.ZS","","","","","","","","","","","","","","","","","","","","","","","","","","","","","","","","","","","","","","","","","","","","","","","","","","","","","","","","","","","","","","","",
"South Asia (IDA & IBRD)","TSA","Educational attainment, Doctoral or equivalent, population 25+, total (%) (cumulative)","SE.TER.CUAT.DO.ZS","","","","","","","","","","","","","","","","","","","","","","","","","","","","","","","","","","","","","","","","","","","","","","","","","","","","","","","","","","","","","","","",
"Sub-Saharan Africa (IDA & IBRD countries)","TSS","Educational attainment, Doctoral or equivalent, population 25+, total (%) (cumulative)","SE.TER.CUAT.DO.ZS","","","","","","","","","","","","","","","","","","","","","","","","","","","","","","","","","","","","","","","","","","","","","","","","","","","","","","","","","","","","","","","",
"Trinidad and Tobago","TTO","Educational attainment, Doctoral or equivalent, population 25+, total (%) (cumulative)","SE.TER.CUAT.DO.ZS","","","","","","","","","","","","","","","","","","","","","","","","","","","","","","","","","","","","","","","","","","","","","","","","","","","","0.235630005598068","","","","","","","","","","","",
"Tunisia","TUN","Educational attainment, Doctoral or equivalent, population 25+, total (%) (cumulative)","SE.TER.CUAT.DO.ZS","","","","","","","","","","","","","","","","","","","","","","","","","","","","","","","","","","","","","","","","","","","","","","","","","","","","","","","","","","","","","","","",
"Turkiye","TUR","Educational attainment, Doctoral or equivalent, population 25+, total (%) (cumulative)","SE.TER.CUAT.DO.ZS","","","","","","","","","","","","","","","","","","","","","","","","","","","","","","","","","","","","","","","","","","","","","","","","","","","","","","0.343560010194778","0.350780010223389","0.338629990816116","0.359059989452362","0.422719985246658","","0.422910004854202","","","",
"Tuvalu","TUV","Educational attainment, Doctoral or equivalent, population 25+, total (%) (cumulative)","SE.TER.CUAT.DO.ZS","","","","","","","","","","","","","","","","","","","","","","","","","","","","","","","","","","","","","","","","","","","","","","","","","","","","","","","","","","","","","","","",
"Tanzania","TZA","Educational attainment, Doctoral or equivalent, population 25+, total (%) (cumulative)","SE.TER.CUAT.DO.ZS","","","","","","","","","","","","","","","","","","","","","","","","","","","","","","","","","","","","","","","","","","","","","","","","","","","","","","","","","","","","","","","",
"Uganda","UGA","Educational attainment, Doctoral or equivalent, population 25+, total (%) (cumulative)","SE.TER.CUAT.DO.ZS","","","","","","","","","","","","","","","","","","","","","","","","","","","","","","","","","","","","","","","","","","","","","","","","","","","","","","","","","","","","","","","",
"Ukraine","UKR","Educational attainment, Doctoral or equivalent, population 25+, total (%) (cumulative)","SE.TER.CUAT.DO.ZS","","","","","","","","","","","","","","","","","","","","","","","","","","","","","","","","","","","","","","","","","","0","","","","","","","","","","","","","","","","","","","","","",
"Upper middle income","UMC","Educational attainment, Doctoral or equivalent, population 25+, total (%) (cumulative)","SE.TER.CUAT.DO.ZS","","","","","","","","","","","","","","","","","","","","","","","","","","","","","","","","","","","","","","","","","","","","","","","","","","","","","","","","","","","","","","","",
"Uruguay","URY","Educational attainment, Doctoral or equivalent, population 25+, total (%) (cumulative)","SE.TER.CUAT.DO.ZS","","","","","","","","","","","","","","","","","","","","","","","","","","","","","","","","","","","","","","","","","","","","","","","","","","","","","","0.0611100010573864","","","","","","","","","",
"United States","USA","Educational attainment, Doctoral or equivalent, population 25+, total (%) (cumulative)","SE.TER.CUAT.DO.ZS","","","","","","","","","","","","","","","","","","","","","","","","","","","","","","","","","","","","","","","","","","","","","","","","","","","","","","1.67716002464294","1.76947999000549","1.70131003856659","1.85371994972229","","2.03264999389648","","2.08855009078979","","",
"Uzbekistan","UZB","Educational attainment, Doctoral or equivalent, population 25+, total (%) (cumulative)","SE.TER.CUAT.DO.ZS","","","","","","","","","","","","","","","","","","","","","","","","","","","","","","","","","","","","","","","","","","","","","","","","","","","","","","","","","","","","","","","",
"St. Vincent and the Grenadines","VCT","Educational attainment, Doctoral or equivalent, population 25+, total (%) (cumulative)","SE.TER.CUAT.DO.ZS","","","","","","","","","","","","","","","","","","","","","","","","","","","","","","","","","","","","","","","","","","","","","","","","","","","","","","","","","","","","","","","",
"Venezuela, RB","VEN","Educational attainment, Doctoral or equivalent, population 25+, total (%) (cumulative)","SE.TER.CUAT.DO.ZS","","","","","","","","","","","","","","","","","","","","","","","","","","","","","","","","","","","","","","","","","","","","","","","","","","","","","","","","","","","","","","","",
"British Virgin Islands","VGB","Educational attainment, Doctoral or equivalent, population 25+, total (%) (cumulative)","SE.TER.CUAT.DO.ZS","","","","","","","","","","","","","","","","","","","","","","","","","","","","","","","","","","","","","","","","","","","","","","","","","","","","","","","","","","","","","","","",
"Virgin Islands (U.S.)","VIR","Educational attainment, Doctoral or equivalent, population 25+, total (%) (cumulative)","SE.TER.CUAT.DO.ZS","","","","","","","","","","","","","","","","","","","","","","","","","","","","","","","","","","","","","","","","","","","","","","","","","","","","","","","","","","","","","","","",
"Viet Nam","VNM","Educational attainment, Doctoral or equivalent, population 25+, total (%) (cumulative)","SE.TER.CUAT.DO.ZS","","","","","","","","","","","","","","","","","","","","","","","","","","","","","","","","","","","","","","","","","","","","","","","","","","","","","","","","","","","","0.0741100013256073","","","",
"Vanuatu","VUT","Educational attainment, Doctoral or equivalent, population 25+, total (%) (cumulative)","SE.TER.CUAT.DO.ZS","","","","","","","","","","","","","","","","","","","","","","","","","","","","","","","","","","","","","","","","","","","","","","","","","","","","","","","","","","","","","","","",
"World","WLD","Educational attainment, Doctoral or equivalent, population 25+, total (%) (cumulative)","SE.TER.CUAT.DO.ZS","","","","","","","","","","","","","","","","","","","","","","","","","","","","","","","","","","","","","","","","","","","","","","","","","","","","","","","","","","","","","","","",
"Samoa","WSM","Educational attainment, Doctoral or equivalent, population 25+, total (%) (cumulative)","SE.TER.CUAT.DO.ZS","","","","","","","","","","","","","","","","","","","","","","","","","","","","","","","","","","","","","","","","","","","","","","","","","","","","","","","","","","","","","","","",
"Kosovo","XKX","Educational attainment, Doctoral or equivalent, population 25+, total (%) (cumulative)","SE.TER.CUAT.DO.ZS","","","","","","","","","","","","","","","","","","","","","","","","","","","","","","","","","","","","","","","","","","","","","","","","","","","","","","","","","","","","","","","",
"Yemen, Rep.","YEM","Educational attainment, Doctoral or equivalent, population 25+, total (%) (cumulative)","SE.TER.CUAT.DO.ZS","","","","","","","","","","","","","","","","","","","","","","","","","","","","","","","","","","","","","","","","","","","","","","","","","","","","","","","","","","","","","","","",
"South Africa","ZAF","Educational attainment, Doctoral or equivalent, population 25+, total (%) (cumulative)","SE.TER.CUAT.DO.ZS","","","","","","","","","","","","","","","","","","","","","","","","","","","","","","","","","","","","","","","","","","","","","","","","","","","","","","","","","","0.308780014514923","","0.686819970607758","","0.228699997067451","",
"Zambia","ZMB","Educational attainment, Doctoral or equivalent, population 25+, total (%) (cumulative)","SE.TER.CUAT.DO.ZS","","","","","","","","","","","","","","","","","","","","","","","","","","","","","","","","","","","","","","","","","","","","","","","","","","","","","","","","","","","","","","","",
"Zimbabwe","ZWE","Educational attainment, Doctoral or equivalent, population 25+, total (%) (cumulative)","SE.TER.CUAT.DO.ZS","","","","","","","","","","","","","","","","","","","","","","","","","","","","","","","","","","","","","","","","","","","","","","","","","","","","","","","","","","0.0367499999701977","","","","","",
